age_months,carriage
0,0.1549
1,0.4104
2,0.5766
3,0.6768
4,0.7302
5,0.7517
6,0.7533
7,0.7435
8,0.7285
9,0.712
10,0.6962
11,0.6818
12,0.6688
13,0.6564
14,0.644
15,0.6312
16,0.6186
17,0.594355
18,0.585
19,0.58
20,0.5775
21,0.575
22,0.57
23,0.565
24,0.627576923
60,0.3396667
