age_months,oldest_only,2019_DHS
0,0,1.795454546
1,0,1.795454546
2,0,0.390909091
3,0,0.390909091
4,0,0.390909091
5,0,0.390909091
6,0,0.390909091
7,0,0.390909091
8,0,0.390909091
9,0,0.390909091
10,0,0.390909091
11,0,0.390909091
12,0,0.097916667
13,0,0.097916667
14,0,0.097916667
15,0,0.097916667
16,0,0.097916667
17,0,0.097916667
18,0,0.097916667
19,0,0.097916667
20,0,0.097916667
21,0,0.097916667
22,0,0.097916667
23,0,0.097916667
24,0,3.525
60,100,87.8
