age_months,carriage_2019,carriage_2021,carriage_2021_tinker
0,0.43,0.295476632,0.263491
2,0.48,0.633671277,0.546321
4,0.61,0.744109689,0.714175
6,0.75,0.749421112,0.790045
8,0.86,0.720241581,0.796923
10,0.88,0.6888058,0.757801
12,0.83,0.662539031,0.695671
14,0.75,0.637648974,0.633525
16,0.72,0.612717652,0.594355
18,0.68,0.602293295,0.58
20,0.66,0.585,0.575
22,0.63,0.57,0.57
24,0.55,0.627576923,0.627576923
60,0.35,0.34225,0.3396667
